country,iso3c,region,date,confirmed,deaths,recovered,negative_cases,pcr_positivo,prueba_rapida_positivo,pcr_prapida_positivo,
Peru,PER,,06/03/2020,1,,,154,,,,
Peru,PER,,07/03/2020,6,,,213,,,,
Peru,PER,,09/03/2020,9,,,309,,,,
Peru,PER,,10/03/2020,11,,,335,,,,
Peru,PER,,11/03/2020,17,,,697,,,,
Peru,PER,,12/03/2020,22,,,883,,,,
Peru,PER,Arequipa,13/03/2020,2,,,,,,,
Peru,PER,Cusco,13/03/2020,1,,,,,,,
Peru,PER,Huanuco,13/03/2020,2,,,,,,,
Peru,PER,Ica,13/03/2020,1,,,,,,,
Peru,PER,Lima,13/03/2020,32,,,,,,,
Peru,PER,,13/03/2020,38,,,1194,,,,
Peru,PER,Arequipa,14/03/2020,2,,,,,,,
Peru,PER,Cusco,14/03/2020,1,,,,,,,
Peru,PER,Huanuco,14/03/2020,2,,,,,,,
Peru,PER,Ica,14/03/2020,1,,,,,,,
Peru,PER,Lima,14/03/2020,37,,,,,,,
Peru,PER,,14/03/2020,43,,,1502,,,,
Peru,PER,Ancash,15/03/2020,1,,,,,,,
Peru,PER,Arequipa,15/03/2020,2,,,,,,,
Peru,PER,Callao,15/03/2020,2,,,,,,,
Peru,PER,Cusco,15/03/2020,1,,,,,,,
Peru,PER,Huanuco,15/03/2020,2,,,,,,,
Peru,PER,Ica,15/03/2020,1,,,,,,,
Peru,PER,La Libertad,15/03/2020,1,,,,,,,
Peru,PER,Lambayeque,15/03/2020,1,,,,,,,
Peru,PER,Lima,15/03/2020,58,,,,,,,
Peru,PER,Piura,15/03/2020,2,,,,,,,
Peru,PER,,15/03/2020,71,,,1751,,,,
Peru,PER,Ancash,16/03/2020,1,,,,,,,
Peru,PER,Arequipa,16/03/2020,2,,,,,,,
Peru,PER,Callao,16/03/2020,3,,,,,,,
Peru,PER,Cusco,16/03/2020,1,,,,,,,
Peru,PER,Huanuco,16/03/2020,2,,,,,,,
Peru,PER,Ica,16/03/2020,1,,,,,,,
Peru,PER,La Libertad,16/03/2020,1,,,,,,,
Peru,PER,Lambayeque,16/03/2020,3,,,,,,,
Peru,PER,Lima,16/03/2020,70,,1,,,,,
Peru,PER,Piura,16/03/2020,2,,,,,,,
Peru,PER,,16/03/2020,86,,1,2229,,,,
Peru,PER,Ancash,17/03/2020,1,,,,,,,
Peru,PER,Arequipa,17/03/2020,2,,,,,,,
Peru,PER,Callao,17/03/2020,4,,,,,,,
Peru,PER,Cusco,17/03/2020,1,,,,,,,
Peru,PER,Huanuco,17/03/2020,2,,,,,,,
Peru,PER,Ica,17/03/2020,1,,,,,,,
Peru,PER,La Libertad,17/03/2020,1,,,,,,,
Peru,PER,Lambayeque,17/03/2020,6,,,,,,,
Peru,PER,Lima,17/03/2020,96,,1,,,,,
Peru,PER,Loreto,17/03/2020,1,,,,,,,
Peru,PER,Piura,17/03/2020,2,,,,,,,
Peru,PER,,17/03/2020,117,,1,2680,,,,
Peru,PER,Ancash,18/03/2020,2,,,,,,,
Peru,PER,Arequipa,18/03/2020,2,,,,,,,
Peru,PER,Callao,18/03/2020,5,,,,,,,
Peru,PER,Cusco,18/03/2020,1,,,,,,,
Peru,PER,Huanuco,18/03/2020,2,,,,,,,
Peru,PER,Ica,18/03/2020,1,,,,,,,
Peru,PER,La Libertad,18/03/2020,2,,,,,,,
Peru,PER,Lambayeque,18/03/2020,6,,,,,,,
Peru,PER,Lima,18/03/2020,111,,1,,,,,
Peru,PER,Loreto,18/03/2020,10,,,,,,,
Peru,PER,Madre de Dios,18/03/2020,1,,,,,,,
Peru,PER,Piura,18/03/2020,2,,,,,,,
Peru,PER,,18/03/2020,145,,1,2930,,,,
Peru,PER,Ancash,19/03/2020,3,,,,,,,
Peru,PER,Arequipa,19/03/2020,3,,,,,,,
Peru,PER,Callao,19/03/2020,5,,,,,,,
Peru,PER,Cusco,19/03/2020,4,,,,,,,
Peru,PER,Huanuco,19/03/2020,2,,,,,,,
Peru,PER,Ica,19/03/2020,1,,,,,,,
Peru,PER,La Libertad,19/03/2020,2,,,,,,,
Peru,PER,Lambayeque,19/03/2020,6,,,,,,,
Peru,PER,Lima,19/03/2020,194,3,1,,,,,
Peru,PER,Loreto,19/03/2020,11,,,,,,,
Peru,PER,Madre de Dios,19/03/2020,1,,,,,,,
Peru,PER,Piura,19/03/2020,2,,,,,,,
Peru,PER,,19/03/2020,234,3,1,3607,,,,
Peru,PER,Ancash,20/03/2020,4,,,,,,,
Peru,PER,Arequipa,20/03/2020,3,,,,,,,
Peru,PER,Callao,20/03/2020,5,,,,,,,
Peru,PER,Cusco,20/03/2020,4,,,,,,,
Peru,PER,Huanuco,20/03/2020,2,,,,,,,
Peru,PER,Ica,20/03/2020,1,,,,,,,
Peru,PER,Junin,20/03/2020,9,,,,,,,
Peru,PER,La Libertad,20/03/2020,2,,,,,,,
Peru,PER,Lambayeque,20/03/2020,6,,,,,,,
Peru,PER,Lima,20/03/2020,212,4,1,,,,,
Peru,PER,Loreto,20/03/2020,12,,,,,,,
Peru,PER,Madre de Dios,20/03/2020,1,,,,,,,
Peru,PER,Piura,20/03/2020,2,,,,,,,
Peru,PER,,20/03/2020,263,4,1,4035,,,,
Peru,PER,Ancash,21/03/2020,4,,,,,,,
Peru,PER,Arequipa,21/03/2020,4,,,,,,,
Peru,PER,Callao,21/03/2020,6,,,,,,,
Peru,PER,Cusco,21/03/2020,4,,,,,,,
Peru,PER,Huanuco,21/03/2020,2,,,,,,,
Peru,PER,Ica,21/03/2020,1,,,,,,,
Peru,PER,Junin,21/03/2020,10,,,,,,,
Peru,PER,La Libertad,21/03/2020,5,,,,,,,
Peru,PER,Lambayeque,21/03/2020,8,,,,,,,
Peru,PER,Lima,21/03/2020,241,4,1,,,,,
Peru,PER,Loreto,21/03/2020,14,,,,,,,
Peru,PER,Madre de Dios,21/03/2020,1,,,,,,,
Peru,PER,Piura,21/03/2020,18,1,,,,,,
Peru,PER,,21/03/2020,318,5,1,5891,,,,
Peru,PER,Ancash,22/03/2020,4,,,,,,,
Peru,PER,Arequipa,22/03/2020,7,,,,,,,
Peru,PER,Callao,22/03/2020,6,,,,,,,
Peru,PER,Cusco,22/03/2020,4,,,,,,,
Peru,PER,Huanuco,22/03/2020,2,,,,,,,
Peru,PER,Ica,22/03/2020,1,,,,,,,
Peru,PER,Junin,22/03/2020,10,,,,,,,
Peru,PER,La Libertad,22/03/2020,5,,,,,,,
Peru,PER,Lambayeque,22/03/2020,8,,,,,,,
Peru,PER,Lima,22/03/2020,278,4,1,,,,,
Peru,PER,Loreto,22/03/2020,16,,,,,,,
Peru,PER,Madre de Dios,22/03/2020,1,,,,,,,
Peru,PER,Piura,22/03/2020,19,1,,,,,,
Peru,PER,,22/03/2020,361,5,1,5821,,,,
Peru,PER,Ancash,23/03/2020,4,,,,,,,
Peru,PER,Arequipa,23/03/2020,7,,,,,,,
Peru,PER,Callao,23/03/2020,8,,,,,,,
Peru,PER,Cusco,23/03/2020,6,,,,,,,
Peru,PER,Huanuco,23/03/2020,2,,,,,,,
Peru,PER,Ica,23/03/2020,2,,,,,,,
Peru,PER,Junin,23/03/2020,10,,,,,,,
Peru,PER,La Libertad,23/03/2020,4,,,,,,,
Peru,PER,Lambayeque,23/03/2020,8,,,,,,,
Peru,PER,Lima,23/03/2020,307,4,1,,,,,
Peru,PER,Loreto,23/03/2020,16,,,,,,,
Peru,PER,Madre de Dios,23/03/2020,1,,,,,,,
Peru,PER,Piura,23/03/2020,19,1,,,,,,
Peru,PER,San Martin,23/03/2020,1,,,,,,,
Peru,PER,,23/03/2020,395,5,1,6269,,,,
Peru,PER,Ancash,24/03/2020,4,,,,,,,
Peru,PER,Arequipa,24/03/2020,9,,,,,,,
Peru,PER,Callao,24/03/2020,8,,,,,,,
Peru,PER,Cusco,24/03/2020,6,,,,,,,
Peru,PER,Huanuco,24/03/2020,2,,,,,,,
Peru,PER,Ica,24/03/2020,2,,,,,,,
Peru,PER,Junin,24/03/2020,10,,,,,,,
Peru,PER,La Libertad,24/03/2020,5,1,,,,,,
Peru,PER,Lambayeque,24/03/2020,8,,,,,,,
Peru,PER,Lima,24/03/2020,322,5,1,,,,,
Peru,PER,Loreto,24/03/2020,16,,,,,,,
Peru,PER,Madre de Dios,24/03/2020,1,,,,,,,
Peru,PER,Piura,24/03/2020,19,1,,,,,,
Peru,PER,San Martin,24/03/2020,1,,,,,,,
Peru,PER,Tumbes,24/03/2020,3,,,,,,,
Peru,PER,,24/03/2020,416,7,1,6597,,,,
Peru,PER,Ancash,25/03/2020,5,,,,,,,
Peru,PER,Arequipa,25/03/2020,10,,,,,,,
Peru,PER,Cajamarca,25/03/2020,1,,,,,,,
Peru,PER,Callao,25/03/2020,10,,,,,,,
Peru,PER,Cusco,25/03/2020,10,1,,,,,,
Peru,PER,Huanuco,25/03/2020,2,,,,,,,
Peru,PER,Ica,25/03/2020,2,,,,,,,
Peru,PER,Junin,25/03/2020,11,,,,,,,
Peru,PER,La Libertad,25/03/2020,6,1,,,,,,
Peru,PER,Lambayeque,25/03/2020,12,,,,,,,
Peru,PER,Lima,25/03/2020,369,6,1,,,,,
Peru,PER,Loreto,25/03/2020,18,,,,,,,
Peru,PER,Madre de Dios,25/03/2020,1,,,,,,,
Peru,PER,Piura,25/03/2020,19,1,,,,,,
Peru,PER,San Martin,25/03/2020,1,,,,,,,
Peru,PER,Tumbes,25/03/2020,3,,,,,,,
Peru,PER,,25/03/2020,480,9,1,7560,,,,
Peru,PER,Ancash,26/03/2020,6,,,,,,,
Peru,PER,Arequipa,26/03/2020,15,,,,,,,
Peru,PER,Cajamarca,26/03/2020,1,,,,,,,
Peru,PER,Callao,26/03/2020,15,,,,,,,
Peru,PER,Cusco,26/03/2020,10,1,,,,,,
Peru,PER,Huanuco,26/03/2020,2,,,,,,,
Peru,PER,Ica,26/03/2020,3,,,,,,,
Peru,PER,Junin,26/03/2020,11,,,,,,,
Peru,PER,La Libertad,26/03/2020,9,1,,,,,,
Peru,PER,Lambayeque,26/03/2020,12,,,,,,,
Peru,PER,Lima,26/03/2020,453,6,1,,,,,
Peru,PER,Loreto,26/03/2020,18,,,,,,,
Peru,PER,Madre de Dios,26/03/2020,1,,,,,,,
Peru,PER,Piura,26/03/2020,20,1,,,,,,
Peru,PER,San Martin,26/03/2020,1,,,,,,,
Peru,PER,Tumbes,26/03/2020,3,,,,,,,
Peru,PER,,26/03/2020,580,9,14,8639,,,,
Peru,PER,Ancash,27/03/2020,6,,,,,,,
Peru,PER,Arequipa,27/03/2020,15,,,,,,,Amazonas
Peru,PER,Cajamarca,27/03/2020,1,,,,,,,Ancash
Peru,PER,Callao,27/03/2020,17,,,,,,,Apurimac
Peru,PER,Cusco,27/03/2020,10,1,,,,,,Arequipa
Peru,PER,Huanuco,27/03/2020,4,,,,,,,Ayacucho
Peru,PER,Ica,27/03/2020,3,,,,,,,Cajamarca
Peru,PER,Junin,27/03/2020,12,,,,,,,Callao
Peru,PER,La Libertad,27/03/2020,9,2,,,,,,Cusco
Peru,PER,Lambayeque,27/03/2020,13,,,,,,,Huancavelica
Peru,PER,Lima,27/03/2020,494,7,1,,,,,Huanuco
Peru,PER,Loreto,27/03/2020,23,,,,,,,Ica
Peru,PER,Madre de Dios,27/03/2020,1,,,,,,,Junin
Peru,PER,Pasco,27/03/2020,1,,,,,,,La Libertad
Peru,PER,Piura,27/03/2020,20,1,,,,,,Lambayeque
Peru,PER,San Martin,27/03/2020,1,,,,,,,Lima
Peru,PER,Tumbes,27/03/2020,5,,,,,,,Loreto
Peru,PER,,27/03/2020,635,11,16,9430,,,,Madre de Dios
Peru,PER,Amazonas,28/03/2020,0,,,,,,,Moquegua
Peru,PER,Ancash,28/03/2020,6,,,,,,,Pasco
Peru,PER,Apurimac,28/03/2020,0,,,,,,,Piura
Peru,PER,Arequipa,28/03/2020,15,,,,,,,Puno
Peru,PER,Ayacucho,28/03/2020,0,,,,,,,San Martin
Peru,PER,Cajamarca,28/03/2020,1,,,,,,,Tacna
Peru,PER,Callao,28/03/2020,18,1,,,,,,Tumbes
Peru,PER,Cusco,28/03/2020,11,2,5,,,,,Ucayali
Peru,PER,Huancavelica,28/03/2020,0,,,,,,,
Peru,PER,Huanuco,28/03/2020,4,,,,,,,
Peru,PER,Ica,28/03/2020,4,,,,,,,
Peru,PER,Junin,28/03/2020,12,,,,,,,
Peru,PER,La Libertad,28/03/2020,10,2,,,,,,
Peru,PER,Lambayeque,28/03/2020,15,1,,,,,,
Peru,PER,Lima,28/03/2020,518,9,11,,,,,
Peru,PER,Loreto,28/03/2020,27,,,,,,,
Peru,PER,Madre de Dios,28/03/2020,1,,,,,,,
Peru,PER,Moquegua,28/03/2020,0,,,,,,,
Peru,PER,Pasco,28/03/2020,1,,,,,,,
Peru,PER,Piura,28/03/2020,20,1,,,,,,
Peru,PER,Puno,28/03/2020,0,,,,,,,
Peru,PER,San Martin,28/03/2020,2,,,,,,,
Peru,PER,Tacna,28/03/2020,0,,,,,,,
Peru,PER,Tumbes,28/03/2020,6,,,,,,,
Peru,PER,Ucayali,28/03/2020,0,,,,,,,
Peru,PER,,28/03/2020,671,16,16,10225,,,,
Peru,PER,Amazonas,29/03/2020,0,,,,,,,
Peru,PER,Ancash,29/03/2020,6,1,,,,,,
Peru,PER,Apurimac,29/03/2020,0,,,,,,,
Peru,PER,Arequipa,29/03/2020,15,,,,,,,
Peru,PER,Ayacucho,29/03/2020,1,,,,,,,
Peru,PER,Cajamarca,29/03/2020,1,,,,,,,
Peru,PER,Callao,29/03/2020,29,1,,,,,,
Peru,PER,Cusco,29/03/2020,17,2,5,,,,,
Peru,PER,Huancavelica,29/03/2020,0,,,,,,,
Peru,PER,Huanuco,29/03/2020,4,,,,,,,
Peru,PER,Ica,29/03/2020,5,,,,,,,
Peru,PER,Junin,29/03/2020,13,,,,,,,
Peru,PER,La Libertad,29/03/2020,13,2,,,,,,
Peru,PER,Lambayeque,29/03/2020,22,1,,,,,,
Peru,PER,Lima,29/03/2020,639,10,11,,,,,
Peru,PER,Loreto,29/03/2020,52,,,,,,,
Peru,PER,Madre de Dios,29/03/2020,1,,,,,,,
Peru,PER,Moquegua,29/03/2020,0,,,,,,,
Peru,PER,Pasco,29/03/2020,1,,,,,,,
Peru,PER,Piura,29/03/2020,21,1,,,,,,
Peru,PER,Puno,29/03/2020,0,,,,,,,
Peru,PER,San Martin,29/03/2020,3,,,,,,,
Peru,PER,Tacna,29/03/2020,1,,,,,,,
Peru,PER,Tumbes,29/03/2020,8,,,,,,,
Peru,PER,Ucayali,29/03/2020,0,,,,,,,
Peru,PER,,29/03/2020,852,18,16,11817,,,,
Peru,PER,Amazonas,30/03/2020,0,,,,,,,
Peru,PER,Ancash,30/03/2020,11,1,,,,,,
Peru,PER,Apurimac,30/03/2020,0,,,,,,,
Peru,PER,Arequipa,30/03/2020,21,,,,,,,
Peru,PER,Ayacucho,30/03/2020,1,,,,,,,
Peru,PER,Cajamarca,30/03/2020,1,,,,,,,
Peru,PER,Callao,30/03/2020,24,2,,,,,,
Peru,PER,Cusco,30/03/2020,25,2,,,,,,
Peru,PER,Huancavelica,30/03/2020,0,,,,,,,
Peru,PER,Huanuco,30/03/2020,4,,,,,,,
Peru,PER,Ica,30/03/2020,5,,,,,,,
Peru,PER,Junin,30/03/2020,13,,,,,,,
Peru,PER,La Libertad,30/03/2020,15,2,,,,,,
Peru,PER,Lambayeque,30/03/2020,22,1,,,,,,
Peru,PER,Lima,30/03/2020,718,13,11,,,,,
Peru,PER,Loreto,30/03/2020,53,2,,,,,,
Peru,PER,Madre de Dios,30/03/2020,1,,,,,,,
Peru,PER,Moquegua,30/03/2020,0,,,,,,,
Peru,PER,Pasco,30/03/2020,1,,,,,,,
Peru,PER,Piura,30/03/2020,21,1,,,,,,
Peru,PER,Puno,30/03/2020,0,,,,,,,
Peru,PER,San Martin,30/03/2020,5,,,,,,,
Peru,PER,Tacna,30/03/2020,1,,,,,,,
Peru,PER,Tumbes,30/03/2020,8,,,,,,,
Peru,PER,Ucayali,30/03/2020,0,,,,,,,
Peru,PER,,30/03/2020,950,24,269,12502,,,,
Peru,PER,Amazonas,31/03/2020,0,,,,,,,
Peru,PER,Ancash,31/03/2020,11,1,,,,,,
Peru,PER,Apurimac,31/03/2020,0,,,,,,,
Peru,PER,Arequipa,31/03/2020,26,,,,,,,
Peru,PER,Ayacucho,31/03/2020,1,,,,,,,
Peru,PER,Cajamarca,31/03/2020,1,,,,,,,
Peru,PER,Callao,31/03/2020,25,3,,,,,,
Peru,PER,Cusco,31/03/2020,26,2,,,,,,
Peru,PER,Huancavelica,31/03/2020,0,,,,,,,
Peru,PER,Huanuco,31/03/2020,6,,,,,,,
Peru,PER,Ica,31/03/2020,5,,,,,,,
Peru,PER,Junin,31/03/2020,17,,,,,,,
Peru,PER,La Libertad,31/03/2020,19,2,,,,,,
Peru,PER,Lambayeque,31/03/2020,30,1,,,,,,
Peru,PER,Lima,31/03/2020,799,16,11,,,,,
Peru,PER,Loreto,31/03/2020,58,2,,,,,,
Peru,PER,Madre de Dios,31/03/2020,1,,,,,,,
Peru,PER,Moquegua,31/03/2020,0,,,,,,,
Peru,PER,Pasco,31/03/2020,1,,,,,,,
Peru,PER,Piura,31/03/2020,21,1,,,,,,
Peru,PER,Puno,31/03/2020,0,,,,,,,
Peru,PER,San Martin,31/03/2020,6,1,,,,,,
Peru,PER,Tacna,31/03/2020,2,,,,,,,
Peru,PER,Tumbes,31/03/2020,10,1,,,,,,
Peru,PER,Ucayali,31/03/2020,0,,,,,,,
Peru,PER,,31/03/2020,1065,30,394,13398,,,,
Peru,PER,Amazonas,01/04/2020,0,,,,,,,
Peru,PER,Ancash,01/04/2020,15,1,,,,,,
Peru,PER,Apurimac,01/04/2020,0,,,,,,,
Peru,PER,Arequipa,01/04/2020,30,1,,,,,,
Peru,PER,Ayacucho,01/04/2020,1,,,,,,,
Peru,PER,Cajamarca,01/04/2020,2,,,,,,,
Peru,PER,Callao,01/04/2020,37,4,,,,,,
Peru,PER,Cusco,01/04/2020,34,2,,,,,,
Peru,PER,Huancavelica,01/04/2020,1,,,,,,,
Peru,PER,Huanuco,01/04/2020,6,,,,,,,
Peru,PER,Ica,01/04/2020,8,,,,,,,
Peru,PER,Junin,01/04/2020,17,,,,,,,
Peru,PER,La Libertad,01/04/2020,32,3,,,,,,
Peru,PER,Lambayeque,01/04/2020,34,3,,,,,,
Peru,PER,Lima,01/04/2020,990,28,11,,,,,
Peru,PER,Loreto,01/04/2020,66,2,,,,,,
Peru,PER,Madre de Dios,01/04/2020,1,,,,,,,
Peru,PER,Moquegua,01/04/2020,0,,,,,,,
Peru,PER,Pasco,01/04/2020,1,,,,,,,
Peru,PER,Piura,01/04/2020,26,1,,,,,,
Peru,PER,San Martin,01/04/2020,6,1,,,,,,
Peru,PER,Puno,01/04/2020,0,,,,,,,
Peru,PER,Tacna,01/04/2020,3,,,,,,,
Peru,PER,Tumbes,01/04/2020,13,1,,,,,,
Peru,PER,Ucayali,01/04/2020,0,,,,,,,
Peru,PER,,01/04/2020,1323,47,447,14264,,,,
Peru,PER,Amazonas,02/04/2020,0,,,,,,,
Peru,PER,Ancash,02/04/2020,15,1,,,,,,
Peru,PER,Apurimac,02/04/2020,0,,,,,,,
Peru,PER,Arequipa,02/04/2020,30,1,,,,,,
Peru,PER,Ayacucho,02/04/2020,1,,,,,,,
Peru,PER,Cajamarca,02/04/2020,3,,,,,,,
Peru,PER,Callao,02/04/2020,40,4,,,,,,
Peru,PER,Cusco,02/04/2020,38,2,,,,,,
Peru,PER,Huancavelica,02/04/2020,1,,,,,,,
Peru,PER,Huanuco,02/04/2020,6,,,,,,,
Peru,PER,Ica,02/04/2020,8,,,,,,,
Peru,PER,Junin,02/04/2020,17,1,,,,,,
Peru,PER,La Libertad,02/04/2020,34,3,,,,,,
Peru,PER,Lambayeque,02/04/2020,37,3,,,,,,
Peru,PER,Lima,02/04/2020,1059,34,11,,,,,
Peru,PER,Loreto,02/04/2020,72,2,,,,,,
Peru,PER,Madre de Dios,02/04/2020,1,,,,,,,
Peru,PER,Moquegua,02/04/2020,0,,,,,,,
Peru,PER,Pasco,02/04/2020,1,,,,,,,
Peru,PER,Piura,02/04/2020,27,1,,,,,,
Peru,PER,Puno,02/04/2020,0,,,,,,,
Peru,PER,San Martin,02/04/2020,6,1,,,,,,
Peru,PER,Tacna,02/04/2020,3,,,,,,,
Peru,PER,Tumbes,02/04/2020,15,2,,,,,,
Peru,PER,Ucayali,02/04/2020,0,,,,,,,
Peru,PER,,02/04/2020,1414,55,537,15104,,,,
Peru,PER,Amazonas,03/04/2020,0,,,,,,,
Peru,PER,Ancash,03/04/2020,18,1,,,,,,
Peru,PER,Apurimac,03/04/2020,1,,,,,,,
Peru,PER,Arequipa,03/04/2020,37,1,,,,,,
Peru,PER,Ayacucho,03/04/2020,1,,,,,,,
Peru,PER,Cajamarca,03/04/2020,4,,,,,,,
Peru,PER,Callao,03/04/2020,59,4,,,,,,
Peru,PER,Cusco,03/04/2020,44,3,,,,,,
Peru,PER,Huancavelica,03/04/2020,1,,,,,,,
Peru,PER,Huanuco,03/04/2020,6,,,,,,,
Peru,PER,Ica,03/04/2020,8,,,,,,,
Peru,PER,Junin,03/04/2020,19,1,,,,,,
Peru,PER,La Libertad,03/04/2020,44,4,,,,,,
Peru,PER,Lambayeque,03/04/2020,35,2,,,,,,
Peru,PER,Lima,03/04/2020,1179,39,11,,,,,
Peru,PER,Loreto,03/04/2020,84,2,,,,,,
Peru,PER,Madre de Dios,03/04/2020,2,,,,,,,
Peru,PER,Moquegua,03/04/2020,0,,,,,,,
Peru,PER,Pasco,03/04/2020,1,,,,,,,
Peru,PER,Piura,03/04/2020,27,1,,,,,,
Peru,PER,Puno,03/04/2020,0,,,,,,,
Peru,PER,San Martin,03/04/2020,6,1,,,,,,
Peru,PER,Tacna,03/04/2020,3,,,,,,,
Peru,PER,Tumbes,03/04/2020,16,2,,,,,,
Peru,PER,Ucayali,03/04/2020,0,,,,,,,
Peru,PER,,03/04/2020,1595,61,627,15739,,,,
Peru,PER,Amazonas,04/04/2020,0,,,,,,,
Peru,PER,Ancash,04/04/2020,18,1,,,,,,
Peru,PER,Apurimac,04/04/2020,1,,,,,,,
Peru,PER,Arequipa,04/04/2020,37,2,,,,,,
Peru,PER,Ayacucho,04/04/2020,1,,,,,,,
Peru,PER,Cajamarca,04/04/2020,6,,,,,,,
Peru,PER,Callao,04/04/2020,64,5,,,,,,
Peru,PER,Cusco,04/04/2020,48,3,,,,,,
Peru,PER,Huancavelica,04/04/2020,1,,,,,,,
Peru,PER,Huanuco,04/04/2020,6,,,,,,,
Peru,PER,Ica,04/04/2020,9,1,,,,,,
Peru,PER,Junin,04/04/2020,25,1,,,,,,
Peru,PER,La Libertad,04/04/2020,50,4,,,,,,
Peru,PER,Lambayeque,04/04/2020,55,3,,,,,,
Peru,PER,Lima,04/04/2020,1257,46,11,,,,,
Peru,PER,Loreto,04/04/2020,106,2,,,,,,
Peru,PER,Madre de Dios,04/04/2020,2,,,,,,,
Peru,PER,Moquegua,04/04/2020,0,,,,,,,
Peru,PER,Pasco,04/04/2020,2,,,,,,,
Peru,PER,Piura,04/04/2020,27,1,,,,,,
Peru,PER,Puno,04/04/2020,0,,,,,,,
Peru,PER,San Martin,04/04/2020,8,1,,,,,,
Peru,PER,Tacna,04/04/2020,3,,,,,,,
Peru,PER,Tumbes,04/04/2020,20,3,,,,,,
Peru,PER,Ucayali,04/04/2020,0,,,,,,,
Peru,PER,,04/04/2020,1746,73,914,16095,,,,
Peru,PER,Amazonas,05/04/2020,0,,,,,,,
Peru,PER,Ancash,05/04/2020,23,1,,,,,,
Peru,PER,Apurimac,05/04/2020,1,,,,,,,
Peru,PER,Arequipa,05/04/2020,51,3,,,,,,
Peru,PER,Ayacucho,05/04/2020,3,,,,,,,
Peru,PER,Cajamarca,05/04/2020,6,,,,,,,
Peru,PER,Callao,05/04/2020,89,8,,,,,,
Peru,PER,Cusco,05/04/2020,52,3,,,,,,
Peru,PER,Huancavelica,05/04/2020,1,1,,,,,,
Peru,PER,Huanuco,05/04/2020,6,,,,,,,
Peru,PER,Ica,05/04/2020,14,1,,,,,,
Peru,PER,Junin,05/04/2020,25,1,,,,,,
Peru,PER,La Libertad,05/04/2020,50,4,,,,,,
Peru,PER,Lambayeque,05/04/2020,100,3,,,,,,
Peru,PER,Lima,05/04/2020,1639,51,11,,,,,
Peru,PER,Loreto,05/04/2020,143,2,,,,,,
Peru,PER,Madre de Dios,05/04/2020,2,,,,,,,
Peru,PER,Moquegua,05/04/2020,1,,,,,,,
Peru,PER,Pasco,05/04/2020,3,,,,,,,
Peru,PER,Piura,05/04/2020,29,1,,,,,,
Peru,PER,Puno,05/04/2020,0,,,,,,,
Peru,PER,San Martin,05/04/2020,8,1,,,,,,
Peru,PER,Tacna,05/04/2020,9,,,,,,,
Peru,PER,Tumbes,05/04/2020,26,3,,,,,,
Peru,PER,Ucayali,05/04/2020,0,,,,,,,
Peru,PER,,05/04/2020,2281,83,989,17129,,,,
Peru,PER,Amazonas,06/04/2020,0,,,,,,,
Peru,PER,Ancash,06/04/2020,27,1,,,,,,
Peru,PER,Apurimac,06/04/2020,1,,,,,,,
Peru,PER,Arequipa,06/04/2020,60,4,,,,,,
Peru,PER,Ayacucho,06/04/2020,5,,,,,,,
Peru,PER,Cajamarca,06/04/2020,6,,,,,,,
Peru,PER,Callao,06/04/2020,109,8,,,,,,
Peru,PER,Cusco,06/04/2020,54,3,,,,,,
Peru,PER,Huancavelica,06/04/2020,2,1,,,,,,
Peru,PER,Huanuco,06/04/2020,6,,,,,,,
Peru,PER,Ica,06/04/2020,18,1,,,,,,
Peru,PER,Junin,06/04/2020,28,1,,,,,,
Peru,PER,La Libertad,06/04/2020,56,5,,,,,,
Peru,PER,Lambayeque,06/04/2020,100,3,,,,,,
Peru,PER,Lima,06/04/2020,1837,58,11,,,,,
Peru,PER,Loreto,06/04/2020,171,2,,,,,,
Peru,PER,Madre de Dios,06/04/2020,2,,,,,,,
Peru,PER,Moquegua,06/04/2020,1,,,,,,,
Peru,PER,Pasco,06/04/2020,5,,,,,,,
Peru,PER,Piura,06/04/2020,30,1,,,,,,
Peru,PER,Puno,06/04/2020,0,,,,,,,
Peru,PER,San Martin,06/04/2020,8,1,,,,,,
Peru,PER,Tacna,06/04/2020,9,,,,,,,
Peru,PER,Tumbes,06/04/2020,26,3,,,,,,
Peru,PER,Ucayali,06/04/2020,0,,,,,,,
Peru,PER,,06/04/2020,2561,92,997,17853,,,,
Peru,PER,Amazonas,07/04/2020,0,,,,,,,
Peru,PER,Ancash,07/04/2020,36,1,,,,,,
Peru,PER,Apurimac,07/04/2020,1,,,,,,,
Peru,PER,Arequipa,07/04/2020,66,4,,,,,,
Peru,PER,Ayacucho,07/04/2020,5,,,,,,,
Peru,PER,Cajamarca,07/04/2020,6,,,,,,,
Peru,PER,Callao,07/04/2020,161,10,,,,,,
Peru,PER,Cusco,07/04/2020,54,3,,,,,,
Peru,PER,Huancavelica,07/04/2020,7,1,,,,,,
Peru,PER,Huanuco,07/04/2020,6,,,,,,,
Peru,PER,Ica,07/04/2020,24,2,,,,,,
Peru,PER,Junin,07/04/2020,28,1,,,,,,
Peru,PER,La Libertad,07/04/2020,58,5,,,,,,
Peru,PER,Lambayeque,07/04/2020,108,4,,,,,,
Peru,PER,Lima,07/04/2020,2100,65,11,,,,,
Peru,PER,Loreto,07/04/2020,206,3,,,,,,
Peru,PER,Madre de Dios,07/04/2020,2,,,,,,,
Peru,PER,Moquegua,07/04/2020,1,,,,,,,
Peru,PER,Pasco,07/04/2020,5,,,,,,,
Peru,PER,Piura,07/04/2020,35,3,,,,,,
Peru,PER,Puno,07/04/2020,1,,,,,,,
Peru,PER,San Martin,07/04/2020,8,1,,,,,,
Peru,PER,Tacna,07/04/2020,9,,,,,,,
Peru,PER,Tumbes,07/04/2020,27,4,,,,,,
Peru,PER,Ucayali,07/04/2020,0,,,,,,,
Peru,PER,,07/04/2020,2954,107,1231,18601,,,,
Peru,PER,Amazonas,08/04/2020,11,,,,2,9,,
Peru,PER,Ancash,08/04/2020,50,4,,,67,7,,
Peru,PER,Apurimac,08/04/2020,1,,,,1,,,
Peru,PER,Arequipa,08/04/2020,74,5,,,72,10,,
Peru,PER,Ayacucho,08/04/2020,5,,,,5,,,
Peru,PER,Cajamarca,08/04/2020,10,,,,8,2,,
Peru,PER,Callao,08/04/2020,320,2,,,28,,,
Peru,PER,Cusco,08/04/2020,54,3,,,54,,,
Peru,PER,Huancavelica,08/04/2020,7,1,,,7,,,
Peru,PER,Huanuco,08/04/2020,7,,,,7,,,
Peru,PER,Ica,08/04/2020,28,3,,,40,1,,
Peru,PER,Junin,08/04/2020,42,3,,,48,2,,
Peru,PER,La Libertad,08/04/2020,82,5,,,243,3,,
Peru,PER,Lambayeque,08/04/2020,246,4,,,289,1,,
Peru,PER,Lima,08/04/2020,3016,72,11,,2481,535,,
Peru,PER,Loreto,08/04/2020,290,13,,,165,155,,
Peru,PER,Madre de Dios,08/04/2020,2,,,,2,,,
Peru,PER,Moquegua,08/04/2020,3,,,,1,2,,
Peru,PER,Pasco,08/04/2020,5,,,,5,,,
Peru,PER,Piura,08/04/2020,41,1,,,41,1,,
Peru,PER,Puno,08/04/2020,1,,,,1,,,
Peru,PER,San Martin,08/04/2020,11,1,,,11,,,
Peru,PER,Tacna,08/04/2020,9,,,,,,,
Peru,PER,Tumbes,08/04/2020,27,4,,,27,,,
Peru,PER,Ucayali,08/04/2020,0,,,,,,,
Peru,PER,,08/04/2020,4342,121,1333,35257,3614,728,,
Peru,PER,Amazonas,09/04/2020,10,,,,2,8,,
Peru,PER,Ancash,09/04/2020,57,4,,,54,3,,
Peru,PER,Apurimac,09/04/2020,1,,,,1,,,
Peru,PER,Arequipa,09/04/2020,77,4,,,69,8,,
Peru,PER,Ayacucho,09/04/2020,7,,,,7,,,
Peru,PER,Cajamarca,09/04/2020,11,,,,8,3,,
Peru,PER,Callao,09/04/2020,413,16,,,212,201,,
Peru,PER,Cusco,09/04/2020,55,3,,,55,,,
Peru,PER,Huancavelica,09/04/2020,7,1,,,7,,,
Peru,PER,Huanuco,09/04/2020,9,,,,7,2,,
Peru,PER,Ica,09/04/2020,34,2,,,34,,,
Peru,PER,Junin,09/04/2020,42,1,,,41,1,,
Peru,PER,La Libertad,09/04/2020,96,6,,,83,13,,
Peru,PER,Lambayeque,09/04/2020,302,6,,,294,8,,
Peru,PER,Lima,09/04/2020,3704,82,11,,2822,882,,
Peru,PER,Loreto,09/04/2020,315,5,,,314,1,,
Peru,PER,Madre de Dios,09/04/2020,3,,,,3,,,
Peru,PER,Moquegua,09/04/2020,3,,,,1,2,,
Peru,PER,Pasco,09/04/2020,5,,,,5,,,
Peru,PER,Piura,09/04/2020,53,3,,,50,3,,
Peru,PER,Puno,09/04/2020,1,,,,1,,,
Peru,PER,San Martin,09/04/2020,15,1,,,15,,,
Peru,PER,Tacna,09/04/2020,9,,,,9,,,
Peru,PER,Tumbes,09/04/2020,27,4,,,27,,,
Peru,PER,Ucayali,09/04/2020,0,,,,,,,
Peru,PER,,09/04/2020,5256,138,1438,43209,4121,1135,,
Peru,PER,Amazonas,10/04/2020,16,,,,7,9,,
Peru,PER,Ancash,10/04/2020,67,4,,,61,6,,
Peru,PER,Apurimac,10/04/2020,3,,,,2,1,,
Peru,PER,Arequipa,10/04/2020,83,4,,,75,8,,
Peru,PER,Ayacucho,10/04/2020,9,,,,9,,,
Peru,PER,Cajamarca,10/04/2020,11,,,,8,3,,
Peru,PER,Callao,10/04/2020,465,16,,,250,215,,
Peru,PER,Cusco,10/04/2020,57,3,,,57,,,
Peru,PER,Huancavelica,10/04/2020,7,1,,,7,,,
Peru,PER,Huanuco,10/04/2020,9,,,,7,2,,
Peru,PER,Ica,10/04/2020,37,2,,,37,,,
Peru,PER,Junin,10/04/2020,56,1,,,55,1,,
Peru,PER,La Libertad,10/04/2020,101,6,,,87,14,,
Peru,PER,Lambayeque,10/04/2020,302,32,,,294,8,,
Peru,PER,Lima,10/04/2020,4210,87,,,3148,1062,,
Peru,PER,Loreto,10/04/2020,315,5,,,314,1,,
Peru,PER,Madre de Dios,10/04/2020,3,,,,3,,,
Peru,PER,Moquegua,10/04/2020,3,,,,1,2,,
Peru,PER,Pasco,10/04/2020,8,,,,8,,,
Peru,PER,Piura,10/04/2020,68,3,,,64,4,,
Peru,PER,Puno,10/04/2020,1,,,,1,,,
Peru,PER,San Martin,10/04/2020,18,1,,,18,,,
Peru,PER,Tacna,10/04/2020,9,,,,9,,,
Peru,PER,Tumbes,10/04/2020,27,4,,,27,,,
Peru,PER,Ucayali,10/04/2020,12,,,,,12,,
Peru,PER,,10/04/2020,5897,169,1569,50784,4549,1348,,
Peru,PER,Amazonas,11/04/2020,22,,,,7,15,,
Peru,PER,Ancash,11/04/2020,88,5,,,73,15,,
Peru,PER,Apurimac,11/04/2020,3,,,,2,1,,
Peru,PER,Arequipa,11/04/2020,85,4,,,75,10,,
Peru,PER,Ayacucho,11/04/2020,13,,,,11,2,,
Peru,PER,Cajamarca,11/04/2020,11,,,,8,3,,
Peru,PER,Callao,11/04/2020,541,16,,,319,222,,
Peru,PER,Cusco,11/04/2020,58,3,,,57,1,,
Peru,PER,Huancavelica,11/04/2020,7,1,,,7,,,
Peru,PER,Huanuco,11/04/2020,9,,,,7,2,,
Peru,PER,Ica,11/04/2020,47,2,,,47,,,
Peru,PER,Junin,11/04/2020,58,1,,,56,2,,
Peru,PER,La Libertad,11/04/2020,108,6,,,90,18,,
Peru,PER,Lambayeque,11/04/2020,326,33,,,316,10,,
Peru,PER,Lima,11/04/2020,4933,94,,,3688,1245,,
Peru,PER,Loreto,11/04/2020,315,6,,,314,1,,
Peru,PER,Madre de Dios,11/04/2020,4,,,,3,1,,
Peru,PER,Moquegua,11/04/2020,8,,,,1,7,,
Peru,PER,Pasco,11/04/2020,9,,,,9,,,
Peru,PER,Piura,11/04/2020,91,5,,,86,5,,
Peru,PER,Puno,11/04/2020,1,,,,1,,,
Peru,PER,San Martin,11/04/2020,20,1,,,20,,,
Peru,PER,Tacna,11/04/2020,9,,,,9,,,
Peru,PER,Tumbes,11/04/2020,68,4,,,54,14,,
Peru,PER,Ucayali,11/04/2020,14,,,,1,13,,
Peru,PER,,11/04/2020,6848,181,1739,58864,5261,1587,,
Peru,PER,Amazonas,12/04/2020,19,,,,4,12,3,
Peru,PER,Ancash,12/04/2020,102,,,,81,14,7,
Peru,PER,Apurimac,12/04/2020,5,,,,4,1,,
Peru,PER,Arequipa,12/04/2020,86,,,,75,10,1,
Peru,PER,Ayacucho,12/04/2020,11,,,,7,2,2,
Peru,PER,Cajamarca,12/04/2020,11,,,,7,2,2,
Peru,PER,Callao,12/04/2020,596,,,,346,245,5,
Peru,PER,Cusco,12/04/2020,59,,,,58,1,,
Peru,PER,Huancavelica,12/04/2020,9,,,,9,,,
Peru,PER,Huanuco,12/04/2020,10,,,,7,3,,
Peru,PER,Ica,12/04/2020,58,,,,56,2,,
Peru,PER,Junin,12/04/2020,64,,,,62,2,,
Peru,PER,La Libertad,12/04/2020,110,,,,90,20,,
Peru,PER,Lambayeque,12/04/2020,355,,,,344,8,3,
Peru,PER,Lima,12/04/2020,5456,,,,3921,1379,156,
Peru,PER,Loreto,12/04/2020,322,,,,319,3,,
Peru,PER,Madre de Dios,12/04/2020,3,,,,2,,1,
Peru,PER,Moquegua,12/04/2020,10,,,,2,8,,
Peru,PER,Pasco,12/04/2020,11,,,,11,,,
Peru,PER,Piura,12/04/2020,104,,,,89,14,1,
Peru,PER,Puno,12/04/2020,2,,,,2,,,
Peru,PER,San Martin,12/04/2020,23,,,,22,1,,
Peru,PER,Tacna,12/04/2020,9,,,,9,,,
Peru,PER,Tumbes,12/04/2020,69,,,,55,11,3,
Peru,PER,Ucayali,12/04/2020,15,,,,1,14,,
Peru,PER,,12/04/2020,7519,193,1798,68987,5583,1752,184,
Peru,PER,Amazonas,13/04/2020,25,,,,,,,
Peru,PER,Ancash,13/04/2020,110,,,,,,,
Peru,PER,Apurimac,13/04/2020,5,,,,,,,
Peru,PER,Arequipa,13/04/2020,98,,,,,,,
Peru,PER,Ayacucho,13/04/2020,11,,,,,,,
Peru,PER,Cajamarca,13/04/2020,11,,,,,,,
Peru,PER,Callao,13/04/2020,733,,,,,,,
Peru,PER,Cusco,13/04/2020,59,,,,,,,
Peru,PER,Huancavelica,13/04/2020,10,,,,,,,
Peru,PER,Huanuco,13/04/2020,15,,,,,,,
Peru,PER,Ica,13/04/2020,58,,,,,,,
Peru,PER,Junin,13/04/2020,68,,,,,,,
Peru,PER,La Libertad,13/04/2020,115,,,,,,,
Peru,PER,Lambayeque,13/04/2020,392,,,,,,,
Peru,PER,Lima,13/04/2020,7458,,,,,,,
Peru,PER,Loreto,13/04/2020,340,,,,,,,
Peru,PER,Madre de Dios,13/04/2020,10,,,,,,,
Peru,PER,Moquegua,13/04/2020,12,,,,,,,
Peru,PER,Pasco,13/04/2020,11,,,,,,,
Peru,PER,Piura,13/04/2020,120,,,,,,,
Peru,PER,Puno,13/04/2020,2,,,,,,,
Peru,PER,San Martin,13/04/2020,23,,,,,,,
Peru,PER,Tacna,13/04/2020,9,,,,,,,
Peru,PER,Tumbes,13/04/2020,72,,,,,,,
Peru,PER,Ucayali,13/04/2020,17,,,,,,,
Peru,PER,,13/04/2020,9784,216,2642,77382,,,,
Peru,PER,Amazonas,14/04/2020,25,,,,10,11,4,
Peru,PER,Ancash,14/04/2020,124,5,,,85,31,8,
Peru,PER,Apurimac,14/04/2020,10,,,,4,6,,
Peru,PER,Arequipa,14/04/2020,99,5,,,88,10,1,
Peru,PER,Ayacucho,14/04/2020,15,,,,7,5,3,
Peru,PER,Cajamarca,14/04/2020,19,,,,6,10,3,
Peru,PER,Callao,14/04/2020,908,20,,,393,509,6,
Peru,PER,Cusco,14/04/2020,106,3,,,59,47,,
Peru,PER,Huancavelica,14/04/2020,10,1,,,10,,,
Peru,PER,Huanuco,14/04/2020,15,,,,7,8,,
Peru,PER,Ica,14/04/2020,76,2,,,72,4,,
Peru,PER,Junin,14/04/2020,68,1,,,66,2,,
Peru,PER,La Libertad,14/04/2020,166,7,,,96,70,,
Peru,PER,Lambayeque,14/04/2020,427,44,,,377,47,3,
Peru,PER,Lima,14/04/2020,7476,114,,,4465,2813,198,
Peru,PER,Loreto,14/04/2020,357,9,,,354,3,,
Peru,PER,Madre de Dios,14/04/2020,19,,,,2,16,1,
Peru,PER,Moquegua,14/04/2020,13,,,,3,10,,
Peru,PER,Pasco,14/04/2020,11,,,,11,,,
Peru,PER,Piura,14/04/2020,224,14,,,92,131,1,
Peru,PER,Puno,14/04/2020,2,,,,2,,,
Peru,PER,San Martin,14/04/2020,23,1,,,22,1,,
Peru,PER,Tacna,14/04/2020,9,,,,9,,,
Peru,PER,Tumbes,14/04/2020,69,4,,,55,11,3,
Peru,PER,Ucayali,14/04/2020,32,,,,1,31,,
Peru,PER,,14/04/2020,10303,230,2869,91913,6296,3776,231,
Peru,PER,Amazonas,15/04/2020,25,,,,17,8,,
Peru,PER,Ancash,15/04/2020,144,5,,,101,43,,
Peru,PER,Apurimac,15/04/2020,20,,,,9,11,,
Peru,PER,Arequipa,15/04/2020,98,5,,,88,10,,
Peru,PER,Ayacucho,15/04/2020,22,,,,10,12,,
Peru,PER,Cajamarca,15/04/2020,20,1,,,9,11,,
Peru,PER,Callao,15/04/2020,939,24,,,430,509,,
Peru,PER,Cusco,15/04/2020,108,3,,,60,48,,
Peru,PER,Huancavelica,15/04/2020,11,1,,,11,,,
Peru,PER,Huanuco,15/04/2020,39,,,,7,32,,
Peru,PER,Ica,15/04/2020,101,2,,,78,23,,
Peru,PER,Junin,15/04/2020,79,1,,,77,2,,
Peru,PER,La Libertad,15/04/2020,184,7,,,114,70,,
Peru,PER,Lambayeque,15/04/2020,428,53,,,381,47,,
Peru,PER,Lima,15/04/2020,8412,117,,,4826,3586,,
Peru,PER,Loreto,15/04/2020,396,10,,,376,20,,
Peru,PER,Madre de Dios,15/04/2020,19,,,,3,16,,
Peru,PER,Moquegua,15/04/2020,16,,,,3,13,,
Peru,PER,Pasco,15/04/2020,11,,,,11,,,
Peru,PER,Piura,15/04/2020,229,14,,,98,131,,
Peru,PER,Puno,15/04/2020,2,,,,2,,,
Peru,PER,San Martin,15/04/2020,48,1,,,28,20,,
Peru,PER,Tacna,15/04/2020,10,,,,9,1,,
Peru,PER,Tumbes,15/04/2020,82,10,,,71,11,,
Peru,PER,Ucayali,15/04/2020,32,,,,1,31,,
Peru,PER,,15/04/2020,11475,254,3108,97910,6820,4655,,
Peru,PER,Amazonas,16/04/2020,23,,,,17,6,,
Peru,PER,Ancash,16/04/2020,171,5,,,114,57,,
Peru,PER,Apurimac,16/04/2020,22,,,,9,13,,
Peru,PER,Arequipa,16/04/2020,111,5,,,100,11,,
Peru,PER,Ayacucho,16/04/2020,23,,,,10,13,,
Peru,PER,Cajamarca,16/04/2020,22,1,,,9,13,,
Peru,PER,Callao,16/04/2020,1008,27,,,454,554,,
Peru,PER,Cusco,16/04/2020,109,3,,,60,49,,
Peru,PER,Huancavelica,16/04/2020,11,1,,,11,,,
Peru,PER,Huanuco,16/04/2020,42,,,,7,35,,
Peru,PER,Ica,16/04/2020,106,2,,,81,25,,
Peru,PER,Junin,16/04/2020,79,1,,,77,2,,
Peru,PER,La Libertad,16/04/2020,193,9,,,123,70,,
Peru,PER,Lambayeque,16/04/2020,571,54,,,522,49,,
Peru,PER,Lima,16/04/2020,9107,129,,,5050,4057,,
Peru,PER,Loreto,16/04/2020,412,10,,,388,24,,
Peru,PER,Madre de Dios,16/04/2020,19,,,,3,16,,
Peru,PER,Moquegua,16/04/2020,21,,,,3,18,,
Peru,PER,Pasco,16/04/2020,11,,,,11,,,
Peru,PER,Piura,16/04/2020,233,14,,,100,133,,
Peru,PER,Puno,16/04/2020,2,,,,2,,,
Peru,PER,San Martin,16/04/2020,47,1,,,28,19,,
Peru,PER,Tacna,16/04/2020,14,,,,9,5,,
Peru,PER,Tumbes,16/04/2020,85,10,,,71,14,,
Peru,PER,Ucayali,16/04/2020,49,2,,,7,42,,
Peru,PER,,16/04/2020,12491,274,6120,108977,7266,5225,,
Peru,PER,Amazonas,17/04/2020,46,,,,17,29,,
Peru,PER,Ancash,17/04/2020,189,13,,,122,67,,
Peru,PER,Apurimac,17/04/2020,32,,,,9,23,,
Peru,PER,Arequipa,17/04/2020,134,5,,,107,27,,
Peru,PER,Ayacucho,17/04/2020,23,,,,10,13,,
Peru,PER,Cajamarca,17/04/2020,38,2,,,9,29,,
Peru,PER,Callao,17/04/2020,1080,27,,,495,585,,
Peru,PER,Cusco,17/04/2020,112,3,,,62,50,,
Peru,PER,Huancavelica,17/04/2020,17,1,,,13,4,,
Peru,PER,Huanuco,17/04/2020,45,,,,7,38,,
Peru,PER,Ica,17/04/2020,119,2,,,91,28,,
Peru,PER,Junin,17/04/2020,101,1,,,88,13,,
Peru,PER,La Libertad,17/04/2020,194,16,,,124,70,,
Peru,PER,Lambayeque,17/04/2020,600,63,,,523,77,,
Peru,PER,Lima,17/04/2020,9793,129,,,5390,4403,,
Peru,PER,Loreto,17/04/2020,431,10,,,388,43,,
Peru,PER,Madre de Dios,17/04/2020,21,,,,9,12,,
Peru,PER,Moquegua,17/04/2020,24,,,,5,19,,
Peru,PER,Pasco,17/04/2020,13,,,,12,1,,
Peru,PER,Piura,17/04/2020,264,15,,,104,160,,
Peru,PER,Puno,17/04/2020,2,,,,2,,,
Peru,PER,San Martin,17/04/2020,49,1,,,28,21,,
Peru,PER,Tacna,17/04/2020,20,,,,10,10,,
Peru,PER,Tumbes,17/04/2020,86,10,,,71,15,,
Peru,PER,Ucayali,17/04/2020,56,2,,,7,49,,
Peru,PER,,17/04/2020,13489,300,6541,114024,7703,5786,,
Peru,PER,Amazonas,18/04/2020,51,,,,17,34,,
Peru,PER,Ancash,18/04/2020,217,13,,,134,83,,
Peru,PER,Apurimac,18/04/2020,35,,,,9,26,,
Peru,PER,Arequipa,18/04/2020,146,5,,,107,39,,
Peru,PER,Ayacucho,18/04/2020,29,,,,10,19,,
Peru,PER,Cajamarca,18/04/2020,52,2,,,10,42,,
Peru,PER,Callao,18/04/2020,1180,34,,,540,640,,
Peru,PER,Cusco,18/04/2020,123,3,,,63,60,,
Peru,PER,Huancavelica,18/04/2020,18,1,,,13,5,,
Peru,PER,Huanuco,18/04/2020,64,,,,8,56,,
Peru,PER,Ica,18/04/2020,124,6,,,95,29,,
Peru,PER,Junin,18/04/2020,130,1,,,99,31,,
Peru,PER,La Libertad,18/04/2020,211,16,,,132,79,,
Peru,PER,Lambayeque,18/04/2020,642,75,,,537,105,,
Peru,PER,Lima,18/04/2020,10234,144,,,5512,4722,,
Peru,PER,Loreto,18/04/2020,485,10,,,443,42,,
Peru,PER,Madre de Dios,18/04/2020,21,,,,9,12,,
Peru,PER,Moquegua,18/04/2020,28,,,,5,23,,
Peru,PER,Pasco,18/04/2020,13,,,,12,1,,
Peru,PER,Piura,18/04/2020,344,24,,,108,236,,
Peru,PER,Puno,18/04/2020,5,,,,3,2,,
Peru,PER,San Martin,18/04/2020,81,1,,,28,53,,
Peru,PER,Tacna,18/04/2020,28,,,,10,18,,
Peru,PER,Tumbes,18/04/2020,86,10,,,71,15,,
Peru,PER,Ucayali,18/04/2020,73,3,,,8,65,,
Peru,PER,,18/04/2020,14420,348,6684,121475,7983,6437,,
Peru,PER,Amazonas,19/04/2020,51,,,,17,34,,
Peru,PER,Ancash,19/04/2020,251,16,,,141,110,,
Peru,PER,Apurimac,19/04/2020,35,,,,9,26,,
Peru,PER,Arequipa,19/04/2020,192,5,,,107,85,,
Peru,PER,Ayacucho,19/04/2020,33,,,,10,23,,
Peru,PER,Cajamarca,19/04/2020,61,2,,,11,50,,
Peru,PER,Callao,19/04/2020,1239,34,,,562,677,,
Peru,PER,Cusco,19/04/2020,130,3,,,63,67,,
Peru,PER,Huancavelica,19/04/2020,20,1,,,13,7,,
Peru,PER,Huanuco,19/04/2020,83,,,,9,74,,
Peru,PER,Ica,19/04/2020,141,6,,,97,44,,
Peru,PER,Junin,19/04/2020,150,1,,,105,45,,
Peru,PER,La Libertad,19/04/2020,232,17,,,133,99,,
Peru,PER,Lambayeque,19/04/2020,671,81,,,550,121,,
Peru,PER,Lima,19/04/2020,10877,169,,,5767,5110,,
Peru,PER,Loreto,19/04/2020,552,14,,,512,40,,
Peru,PER,Madre de Dios,19/04/2020,25,,,,10,15,,
Peru,PER,Moquegua,19/04/2020,30,,,,5,25,,
Peru,PER,Pasco,19/04/2020,18,,,,12,6,,
Peru,PER,Piura,19/04/2020,420,37,,,110,310,,
Peru,PER,Puno,19/04/2020,8,,,,3,5,,
Peru,PER,San Martin,19/04/2020,94,1,,,28,66,,
Peru,PER,Tacna,19/04/2020,35,,,,10,25,,
Peru,PER,Tumbes,19/04/2020,183,10,,,71,112,,
Peru,PER,Ucayali,19/04/2020,97,3,,,8,89,,
Peru,PER,,19/04/2020,15628,400,6811,128117,8363,7265,,
Peru,PER,Amazonas,20/04/2020,55,,,,17,38,,
Peru,PER,Ancash,20/04/2020,275,19,,,156,119,,
Peru,PER,Apurimac,20/04/2020,40,,,,9,31,,
Peru,PER,Arequipa,20/04/2020,229,8,,,107,122,,
Peru,PER,Ayacucho,20/04/2020,35,,,,12,23,,
Peru,PER,Cajamarca,20/04/2020,62,2,,,11,51,,
Peru,PER,Callao,20/04/2020,1282,35,,,602,680,,
Peru,PER,Cusco,20/04/2020,130,3,,,63,67,,
Peru,PER,Huancavelica,20/04/2020,21,1,,,13,8,,
Peru,PER,Huanuco,20/04/2020,83,,,,9,74,,
Peru,PER,Ica,20/04/2020,145,6,,,101,44,,
Peru,PER,Junin,20/04/2020,155,1,,,109,46,,
Peru,PER,La Libertad,20/04/2020,253,17,,,141,112,,
Peru,PER,Lambayeque,20/04/2020,675,89,,,550,125,,
Peru,PER,Lima,20/04/2020,11297,199,,,6253,5044,,
Peru,PER,Loreto,20/04/2020,585,14,,,545,40,,
Peru,PER,Madre de Dios,20/04/2020,64,,,,10,54,,
Peru,PER,Moquegua,20/04/2020,30,,,,5,25,,
Peru,PER,Pasco,20/04/2020,32,,,,13,19,,
Peru,PER,Piura,20/04/2020,436,37,,,110,326,,
Peru,PER,Puno,20/04/2020,8,,,,3,5,,
Peru,PER,San Martin,20/04/2020,94,1,,,28,66,,
Peru,PER,Tacna,20/04/2020,35,,,,10,25,,
Peru,PER,Tumbes,20/04/2020,184,10,,,71,113,,
Peru,PER,Ucayali,20/04/2020,120,3,,,16,104,,
Peru,PER,,20/04/2020,16325,445,6968,131686,8964,7361,,
Peru,PER,Amazonas,21/04/2020,58,,,,58,,,
Peru,PER,Ancash,21/04/2020,334,23,,,334,23,,
Peru,PER,Apurimac,21/04/2020,42,,,,42,,,
Peru,PER,Arequipa,21/04/2020,273,8,,,273,8,,
Peru,PER,Ayacucho,21/04/2020,38,,,,38,,,
Peru,PER,Cajamarca,21/04/2020,73,2,,,73,2,,
Peru,PER,Callao,21/04/2020,1369,36,,,1369,36,,
Peru,PER,Cusco,21/04/2020,132,3,,,132,3,,
Peru,PER,Huancavelica,21/04/2020,16,1,,,16,1,,
Peru,PER,Huanuco,21/04/2020,91,,,,91,,,
Peru,PER,Ica,21/04/2020,195,6,,,195,6,,
Peru,PER,Junin,21/04/2020,178,1,,,178,1,,
Peru,PER,La Libertad,21/04/2020,303,17,,,303,17,,
Peru,PER,Lambayeque,21/04/2020,741,90,,,741,90,,
Peru,PER,Lima,21/04/2020,12256,227,,,12256,227,,
Peru,PER,Loreto,21/04/2020,617,19,,,617,19,,
Peru,PER,Madre de Dios,21/04/2020,66,,,,66,,,
Peru,PER,Moquegua,21/04/2020,41,,,,41,,,
Peru,PER,Pasco,21/04/2020,39,,,,39,,,
Peru,PER,Piura,21/04/2020,475,37,,,475,37,,
Peru,PER,Puno,21/04/2020,11,,,,11,,,
Peru,PER,San Martin,21/04/2020,100,1,,,100,1,,
Peru,PER,Tacna,21/04/2020,42,,,,42,,,
Peru,PER,Tumbes,21/04/2020,198,10,,,198,10,,
Peru,PER,Ucayali,21/04/2020,149,3,,,149,3,,
Peru,PER,,21/04/2020,17837,484,6982,137887,17837,484,,
Peru,PER,Amazonas,22/04/2020,60,,,,17,43,,
Peru,PER,Ancash,22/04/2020,365,26,,,169,196,,
Peru,PER,Apurimac,22/04/2020,46,,,,9,37,,
Peru,PER,Arequipa,22/04/2020,276,8,,,123,153,,
Peru,PER,Ayacucho,22/04/2020,38,,,,12,26,,
Peru,PER,Cajamarca,22/04/2020,78,2,,,14,64,,
Peru,PER,Callao,22/04/2020,1416,39,,,640,776,,
Peru,PER,Cusco,22/04/2020,147,3,,,63,84,,
Peru,PER,Huancavelica,22/04/2020,19,1,,,13,6,,
Peru,PER,Huanuco,22/04/2020,114,,,,10,104,,
Peru,PER,Ica,22/04/2020,213,6,,,128,85,,
Peru,PER,Junin,22/04/2020,207,1,,,116,91,,
Peru,PER,La Libertad,22/04/2020,318,17,,,150,168,,
Peru,PER,Lambayeque,22/04/2020,864,97,,,581,283,,
Peru,PER,Lima,22/04/2020,13214,247,,,7139,6075,,
Peru,PER,Loreto,22/04/2020,653,23,,,593,60,,
Peru,PER,Madre de Dios,22/04/2020,71,,,,13,58,,
Peru,PER,Moquegua,22/04/2020,48,,,,5,43,,
Peru,PER,Pasco,22/04/2020,46,1,,,19,27,,
Peru,PER,Piura,22/04/2020,514,45,,,119,395,,
Peru,PER,Puno,22/04/2020,15,,,,3,12,,
Peru,PER,San Martin,22/04/2020,107,1,,,29,78,,
Peru,PER,Tacna,22/04/2020,44,,,,10,34,,
Peru,PER,Tumbes,22/04/2020,205,10,,,71,134,,
Peru,PER,Ucayali,22/04/2020,172,3,,,16,156,,
Peru,PER,,22/04/2020,19250,530,7027,151150,10062,9188,,
Peru,PER,Amazonas,23/04/2020,64,,,,17,47,,
Peru,PER,Ancash,23/04/2020,352,28,,,173,179,,
Peru,PER,Apurimac,23/04/2020,52,,,,9,43,,
Peru,PER,Arequipa,23/04/2020,291,8,,,128,163,,
Peru,PER,Ayacucho,23/04/2020,39,,,,13,26,,
Peru,PER,Cajamarca,23/04/2020,90,2,,,13,77,,
Peru,PER,Callao,23/04/2020,1536,39,,,683,853,,
Peru,PER,Cusco,23/04/2020,158,3,,,64,94,,
Peru,PER,Huancavelica,23/04/2020,21,1,,,13,8,,
Peru,PER,Huanuco,23/04/2020,116,,,,10,106,,
Peru,PER,Ica,23/04/2020,248,6,,,142,106,,
Peru,PER,Junin,23/04/2020,206,1,,,125,81,,
Peru,PER,La Libertad,23/04/2020,391,17,,,151,240,,
Peru,PER,Lambayeque,23/04/2020,968,111,,,595,373,,
Peru,PER,Lima,23/04/2020,14300,267,,,7768,6532,,
Peru,PER,Loreto,23/04/2020,700,23,,,602,98,,
Peru,PER,Madre de Dios,23/04/2020,77,,,,13,64,,
Peru,PER,Moquegua,23/04/2020,52,,,,6,46,,
Peru,PER,Pasco,23/04/2020,48,1,,,20,28,,
Peru,PER,Piura,23/04/2020,568,45,,,130,438,,
Peru,PER,Puno,23/04/2020,33,,,,5,28,,
Peru,PER,San Martin,23/04/2020,111,1,,,29,82,,
Peru,PER,Tacna,23/04/2020,50,,,,12,38,,
Peru,PER,Tumbes,23/04/2020,233,16,,,71,162,,
Peru,PER,Ucayali,23/04/2020,210,3,,,16,194,,
Peru,PER,,23/04/2020,20914,572,7422,164324,10808,10106,,
Peru,PER,Amazonas,24/04/2020,65,,,,17,48,,
Peru,PER,Ancash,24/04/2020,361,29,,,182,179,,
Peru,PER,Apurimac,24/04/2020,53,,,,9,44,,
Peru,PER,Arequipa,24/04/2020,311,10,,,149,162,,
Peru,PER,Ayacucho,24/04/2020,40,,,,13,27,,
Peru,PER,Cajamarca,24/04/2020,92,2,,,15,77,,
Peru,PER,Callao,24/04/2020,1591,40,,,738,853,,
Peru,PER,Cusco,24/04/2020,160,3,,,66,94,,
Peru,PER,Huancavelica,24/04/2020,23,1,,,14,9,,
Peru,PER,Huanuco,24/04/2020,116,1,,,10,106,,
Peru,PER,Ica,24/04/2020,258,6,,,146,112,,
Peru,PER,Junin,24/04/2020,219,4,,,125,94,,
Peru,PER,La Libertad,24/04/2020,410,23,,,160,250,,
Peru,PER,Lambayeque,24/04/2020,974,119,,,620,354,,
Peru,PER,Lima,24/04/2020,14814,290,,,8235,6579,,
Peru,PER,Loreto,24/04/2020,708,29,,,610,98,,
Peru,PER,Madre de Dios,24/04/2020,80,,,,13,67,,
Peru,PER,Moquegua,24/04/2020,57,,,,6,51,,
Peru,PER,Pasco,24/04/2020,61,1,,,20,41,,
Peru,PER,Piura,24/04/2020,585,45,,,147,438,,
Peru,PER,Puno,24/04/2020,34,,,,6,28,,
Peru,PER,San Martin,24/04/2020,117,1,,,30,87,,
Peru,PER,Tacna,24/04/2020,59,,,,13,46,,
Peru,PER,Tumbes,24/04/2020,234,19,,,72,162,,
Peru,PER,Ucayali,24/04/2020,226,11,,,16,210,,
Peru,PER,,24/04/2020,21648,634,7496,176701,11432,10216,,
Peru,PER,Amazonas,25/04/2020,67,,,,17,50,,
Peru,PER,Ancash,25/04/2020,464,33,,,182,282,,
Peru,PER,Apurimac,25/04/2020,63,,,,9,54,,
Peru,PER,Arequipa,25/04/2020,364,10,,,159,205,,
Peru,PER,Ayacucho,25/04/2020,45,,,,13,32,,
Peru,PER,Cajamarca,25/04/2020,105,2,,,15,90,,
Peru,PER,Callao,25/04/2020,2436,44,,,738,1698,,
Peru,PER,Cusco,25/04/2020,174,3,,,66,108,,
Peru,PER,Huancavelica,25/04/2020,33,1,,,14,19,,
Peru,PER,Huanuco,25/04/2020,160,1,,,10,150,,
Peru,PER,Ica,25/04/2020,268,6,,,146,122,,
Peru,PER,Junin,25/04/2020,257,4,,,125,132,,
Peru,PER,La Libertad,25/04/2020,481,23,,,167,314,,
Peru,PER,Lambayeque,25/04/2020,1388,119,,,620,768,,
Peru,PER,Lima,25/04/2020,16567,303,,,8600,7967,,
Peru,PER,Loreto,25/04/2020,742,36,,,641,101,,
Peru,PER,Madre de Dios,25/04/2020,91,,,,13,78,,
Peru,PER,Moquegua,25/04/2020,73,,,,6,67,,
Peru,PER,Pasco,25/04/2020,68,1,,,20,48,,
Peru,PER,Piura,25/04/2020,669,79,,,147,522,,
Peru,PER,Puno,25/04/2020,65,,,,6,59,,
Peru,PER,San Martin,25/04/2020,121,1,,,30,91,,
Peru,PER,Tacna,25/04/2020,67,1,,,13,54,,
Peru,PER,Tumbes,25/04/2020,240,19,,,72,168,,
Peru,PER,Ucayali,25/04/2020,323,14,,,16,307,,
Peru,PER,,25/04/2020,25331,700,7797,192864,11845,13486,,
Peru,PER,Amazonas,26/04/2020,78,,,,21,57,,
Peru,PER,Ancash,26/04/2020,506,35,,,197,309,,
Peru,PER,Apurimac,26/04/2020,68,,,,13,55,,
Peru,PER,Arequipa,26/04/2020,396,10,,,167,229,,
Peru,PER,Ayacucho,26/04/2020,53,,,,23,30,,
Peru,PER,Cajamarca,26/04/2020,128,2,,,31,97,,
Peru,PER,Callao,26/04/2020,2615,44,,,840,1775,,
Peru,PER,Cusco,26/04/2020,182,3,,,69,113,,
Peru,PER,Huancavelica,26/04/2020,40,1,,,18,22,,
Peru,PER,Huanuco,26/04/2020,167,,,,11,156,,
Peru,PER,Ica,26/04/2020,284,6,,,162,122,,
Peru,PER,Junin,26/04/2020,284,4,,,137,147,,
Peru,PER,La Libertad,26/04/2020,503,23,,,171,332,,
Peru,PER,Lambayeque,26/04/2020,1602,143,,,731,871,,
Peru,PER,Lima,26/04/2020,17884,303,,,9067,8817,,
Peru,PER,Loreto,26/04/2020,786,39,,,687,99,,
Peru,PER,Madre de Dios,26/04/2020,94,,,,14,80,,
Peru,PER,Moquegua,26/04/2020,92,,,,6,86,,
Peru,PER,Pasco,26/04/2020,78,1,,,21,57,,
Peru,PER,Piura,26/04/2020,790,79,,,184,606,,
Peru,PER,Puno,26/04/2020,69,,,,8,61,,
Peru,PER,San Martin,26/04/2020,151,1,,,37,114,,
Peru,PER,Tacna,26/04/2020,68,1,,,17,51,,
Peru,PER,Tumbes,26/04/2020,250,19,,,76,174,,
Peru,PER,Ucayali,26/04/2020,349,14,,,17,332,,
Peru,PER,,26/04/2020,27517,728,8088,205230,12725,14792,,
Peru,PER,Amazonas,27/04/2020,84,,,,21,63,,
Peru,PER,Ancash,27/04/2020,547,34,,,204,343,,
Peru,PER,Apurimac,27/04/2020,69,,,,13,56,,
Peru,PER,Arequipa,27/04/2020,479,11,,,168,311,,
Peru,PER,Ayacucho,27/04/2020,60,,,,23,37,,
Peru,PER,Cajamarca,27/04/2020,141,2,,,32,109,,
Peru,PER,Callao,27/04/2020,2672,50,,,870,1802,,
Peru,PER,Cusco,27/04/2020,196,3,,,72,124,,
Peru,PER,Huancavelica,27/04/2020,48,1,,,19,29,,
Peru,PER,Huanuco,27/04/2020,167,,,,11,156,,
Peru,PER,Ica,27/04/2020,339,6,,,164,175,,
Peru,PER,Junin,27/04/2020,290,4,,,140,150,,
Peru,PER,La Libertad,27/04/2020,553,23,,,178,375,,
Peru,PER,Lambayeque,27/04/2020,1651,149,,,733,918,,
Peru,PER,Lima,27/04/2020,18571,332,,,9393,9178,,
Peru,PER,Loreto,27/04/2020,827,39,,,700,127,,
Peru,PER,Madre de Dios,27/04/2020,87,,,,14,73,,
Peru,PER,Moquegua,27/04/2020,94,,,,6,88,,
Peru,PER,Pasco,27/04/2020,82,1,,,21,61,,
Peru,PER,Piura,27/04/2020,816,92,,,191,625,,
Peru,PER,Puno,27/04/2020,69,,,,9,60,,
Peru,PER,San Martin,27/04/2020,166,1,,,39,127,,
Peru,PER,Tacna,27/04/2020,71,1,,,17,54,,
Peru,PER,Tumbes,27/04/2020,250,19,,,76,174,,
Peru,PER,Ucayali,27/04/2020,370,14,,,18,352,,
Peru,PER,,27/04/2020,28699,782,8425,210864,13132,15567,,
Peru,PER,Amazonas,28/04/2020,108,,,,21,87,,
Peru,PER,Ancash,28/04/2020,598,39,,,209,389,,
Peru,PER,Apurimac,28/04/2020,64,,,,13,51,,
Peru,PER,Arequipa,28/04/2020,501,11,,,178,323,,
Peru,PER,Ayacucho,28/04/2020,72,,,,31,41,,
Peru,PER,Cajamarca,28/04/2020,156,3,,,36,120,,
Peru,PER,Callao,28/04/2020,2933,52,,,926,2007,,
Peru,PER,Cusco,28/04/2020,202,3,,,74,128,,
Peru,PER,Huancavelica,28/04/2020,57,1,,,22,35,,
Peru,PER,Huanuco,28/04/2020,168,,,,12,156,,
Peru,PER,Ica,28/04/2020,353,28,,,178,175,,
Peru,PER,Junin,28/04/2020,331,4,,,142,189,,
Peru,PER,La Libertad,28/04/2020,585,23,,,193,392,,
Peru,PER,Lambayeque,28/04/2020,1814,159,,,779,1035,,
Peru,PER,Lima,28/04/2020,20048,358,,,9762,10286,,
Peru,PER,Loreto,28/04/2020,881,45,,,749,132,,
Peru,PER,Madre de Dios,28/04/2020,97,,,,14,83,,
Peru,PER,Moquegua,28/04/2020,100,,,,6,94,,
Peru,PER,Pasco,28/04/2020,90,1,,,21,69,,
Peru,PER,Piura,28/04/2020,960,92,,,200,760,,
Peru,PER,Puno,28/04/2020,88,,,,12,76,,
Peru,PER,San Martin,28/04/2020,178,1,,,52,126,,
Peru,PER,Tacna,28/04/2020,77,1,,,17,60,,
Peru,PER,Tumbes,28/04/2020,275,19,,,76,199,,
Peru,PER,Ucayali,28/04/2020,454,14,,,19,435,,
Peru,PER,,28/04/2020,31190,854,9179,236422,13742,17448,,
Peru,PER,Amazonas,29/04/2020,119,,,,21,98,,
Peru,PER,Ancash,29/04/2020,630,52,,,218,412,,
Peru,PER,Apurimac,29/04/2020,66,,,,13,53,,
Peru,PER,Arequipa,29/04/2020,529,11,,,193,336,,
Peru,PER,Ayacucho,29/04/2020,80,,,,36,44,,
Peru,PER,Cajamarca,29/04/2020,162,3,,,42,120,,
Peru,PER,Callao,29/04/2020,3101,52,,,956,2145,,
Peru,PER,Cusco,29/04/2020,203,3,,,75,128,,
Peru,PER,Huancavelica,29/04/2020,75,1,,,23,52,,
Peru,PER,Huanuco,29/04/2020,169,,,,13,156,,
Peru,PER,Ica,29/04/2020,401,28,,,179,222,,
Peru,PER,Junin,29/04/2020,373,4,,,150,223,,
Peru,PER,La Libertad,29/04/2020,615,23,,,199,416,,
Peru,PER,Lambayeque,29/04/2020,1956,172,,,780,1176,,
Peru,PER,Lima,29/04/2020,21854,404,,,10109,11745,,
Peru,PER,Loreto,29/04/2020,1003,51,,,854,149,,
Peru,PER,Madre de Dios,29/04/2020,105,,,,15,90,,
Peru,PER,Moquegua,29/04/2020,111,,,,6,105,,
Peru,PER,Pasco,29/04/2020,95,1,,,22,73,,
Peru,PER,Piura,29/04/2020,1080,103,,,215,865,,
Peru,PER,Puno,29/04/2020,89,,,,13,76,,
Peru,PER,San Martin,29/04/2020,205,1,,,69,136,,
Peru,PER,Tacna,29/04/2020,94,1,,,17,77,,
Peru,PER,Tumbes,29/04/2020,290,19,,,75,215,,
Peru,PER,Ucayali,29/04/2020,526,14,,,91,435,,
Peru,PER,,29/04/2020,33931,943,10037,262331,14384,19547,,
Peru,PER,Amazonas,30/04/2020,122,,,,22,100,,
Peru,PER,Ancash,30/04/2020,693,56,,,221,472,,
Peru,PER,Apurimac,30/04/2020,78,,,,13,65,,
Peru,PER,Arequipa,30/04/2020,571,11,,,202,369,,
Peru,PER,Ayacucho,30/04/2020,95,,,,49,46,,
Peru,PER,Cajamarca,30/04/2020,170,3,,,44,126,,
Peru,PER,Callao,30/04/2020,3219,60,,,975,2244,,
Peru,PER,Cusco,30/04/2020,212,3,,,79,133,,
Peru,PER,Huancavelica,30/04/2020,88,1,,,25,63,,
Peru,PER,Huanuco,30/04/2020,189,,,,11,178,,
Peru,PER,Ica,30/04/2020,550,28,,,208,342,,
Peru,PER,Junin,30/04/2020,394,4,,,151,243,,
Peru,PER,La Libertad,30/04/2020,668,23,,,213,455,,
Peru,PER,Lambayeque,30/04/2020,2176,192,,,803,1373,,
Peru,PER,Lima,30/04/2020,23561,437,,,10401,13160,,
Peru,PER,Loreto,30/04/2020,1202,55,,,999,203,,
Peru,PER,Madre de Dios,30/04/2020,113,,,,17,96,,
Peru,PER,Moquegua,30/04/2020,120,,,,6,114,,
Peru,PER,Pasco,30/04/2020,113,1,,,22,91,,
Peru,PER,Piura,30/04/2020,1207,118,,,223,984,,
Peru,PER,Puno,30/04/2020,105,,,,13,92,,
Peru,PER,San Martin,30/04/2020,238,1,,,72,166,,
Peru,PER,Tacna,30/04/2020,111,1,,,17,94,,
Peru,PER,Tumbes,30/04/2020,310,19,,,75,235,,
Peru,PER,Ucayali,30/04/2020,671,38,,,95,576,,
Peru,PER,,30/04/2020,36976,1051,10405,281276,14956,22020,,
Peru,PER,Amazonas,01/05/2020,129,,,,23,106,,
Peru,PER,Ancash,01/05/2020,822,56,,,224,598,,
Peru,PER,Apurimac,01/05/2020,83,,,,10,73,,
Peru,PER,Arequipa,01/05/2020,624,11,,,214,410,,
Peru,PER,Ayacucho,01/05/2020,104,,,,49,55,,
Peru,PER,Cajamarca,01/05/2020,201,3,,,52,149,,
Peru,PER,Callao,01/05/2020,3458,60,,,1021,2437,,
Peru,PER,Cusco,01/05/2020,221,3,,,82,139,,
Peru,PER,Huancavelica,01/05/2020,109,1,,,27,82,,
Peru,PER,Huanuco,01/05/2020,206,,,,13,193,,
Peru,PER,Ica,01/05/2020,580,41,,,216,364,,
Peru,PER,Junin,01/05/2020,436,4,,,158,278,,
Peru,PER,La Libertad,01/05/2020,720,23,,,223,497,,
Peru,PER,Lambayeque,01/05/2020,2360,194,,,831,1529,,
Peru,PER,Lima,01/05/2020,25718,491,,,10748,14970,,
Peru,PER,Loreto,01/05/2020,1355,57,,,1095,260,,
Peru,PER,Madre de Dios,01/05/2020,116,1,,,18,98,,
Peru,PER,Moquegua,01/05/2020,123,,,,6,117,,
Peru,PER,Pasco,01/05/2020,122,1,,,25,97,,
Peru,PER,Piura,01/05/2020,1396,119,,,233,1163,,
Peru,PER,Puno,01/05/2020,116,,,,13,103,,
Peru,PER,San Martin,01/05/2020,248,1,,,72,176,,
Peru,PER,Tacna,01/05/2020,126,1,,,17,109,,
Peru,PER,Tumbes,01/05/2020,326,19,,,75,251,,
Peru,PER,Ucayali,01/05/2020,760,38,,,95,665,,
Peru,PER,,01/05/2020,40459,1124,11129,302039,15540,24919,,
Peru,PER,Amazonas,02/05/2020,136,1,,,23,113,,
Peru,PER,Ancash,02/05/2020,907,66,,,233,674,,
Peru,PER,Apurimac,02/05/2020,86,,,,10,76,,
Peru,PER,Arequipa,02/05/2020,655,16,,,221,434,,
Peru,PER,Ayacucho,02/05/2020,117,,,,51,66,,
Peru,PER,Cajamarca,02/05/2020,224,3,,,55,169,,
Peru,PER,Callao,02/05/2020,3543,66,,,1065,2478,,
Peru,PER,Cusco,02/05/2020,221,3,,,82,139,,
Peru,PER,Huancavelica,02/05/2020,133,1,,,28,105,,
Peru,PER,Huanuco,02/05/2020,233,,,,15,218,,
Peru,PER,Ica,02/05/2020,584,41,,,218,366,,
Peru,PER,Junin,02/05/2020,451,7,,,161,290,,
Peru,PER,La Libertad,02/05/2020,798,23,,,231,567,,
Peru,PER,Lambayeque,02/05/2020,2548,220,,,862,1686,,
Peru,PER,Lima,02/05/2020,26908,504,,,11204,15704,,
Peru,PER,Loreto,02/05/2020,1425,57,,,1150,275,,
Peru,PER,Madre de Dios,02/05/2020,118,1,,,18,100,,
Peru,PER,Moquegua,02/05/2020,128,,,,7,121,,
Peru,PER,Pasco,02/05/2020,148,1,,,27,121,,
Peru,PER,Piura,02/05/2020,1492,131,,,238,1254,,
Peru,PER,Puno,02/05/2020,124,,,,13,111,,
Peru,PER,San Martin,02/05/2020,265,1,,,72,193,,
Peru,PER,Tacna,02/05/2020,128,1,,,19,109,,
Peru,PER,Tumbes,02/05/2020,336,19,,,74,262,,
Peru,PER,Ucayali,02/05/2020,826,38,,,95,731,,
Peru,PER,,02/05/2020,42534,1200,12434,313070,16172,26362,,
Peru,PER,Amazonas,03/05/2020,155,1,,,23,132,,
Peru,PER,Ancash,03/05/2020,993,77,,,244,749,,
Peru,PER,Apurimac,03/05/2020,90,,,,10,80,,
Peru,PER,Arequipa,03/05/2020,692,16,,,228,464,,
Peru,PER,Ayacucho,03/05/2020,135,,,,54,81,,
Peru,PER,Cajamarca,03/05/2020,259,3,,,60,199,,
Peru,PER,Callao,03/05/2020,3893,66,,,1108,2785,,
Peru,PER,Cusco,03/05/2020,230,3,,,82,148,,
Peru,PER,Huancavelica,03/05/2020,186,1,,,28,158,,
Peru,PER,Huanuco,03/05/2020,248,,,,15,233,,
Peru,PER,Ica,03/05/2020,676,41,,,234,442,,
Peru,PER,Junin,03/05/2020,506,7,,,180,326,,
Peru,PER,La Libertad,03/05/2020,879,23,,,238,641,,
Peru,PER,Lambayeque,03/05/2020,2646,267,,,873,1773,,
Peru,PER,Lima,03/05/2020,28990,517,,,11580,17410,,
Peru,PER,Loreto,03/05/2020,1502,59,,,1198,304,,
Peru,PER,Madre de Dios,03/05/2020,120,1,,,18,102,,
Peru,PER,Moquegua,03/05/2020,131,,,,7,124,,
Peru,PER,Pasco,03/05/2020,161,1,,,27,134,,
Peru,PER,Piura,03/05/2020,1618,143,,,240,1378,,
Peru,PER,Puno,03/05/2020,135,,,,13,122,,
Peru,PER,San Martin,03/05/2020,282,1,,,81,201,,
Peru,PER,Tacna,03/05/2020,141,2,,,19,122,,
Peru,PER,Tumbes,03/05/2020,347,19,,,75,272,,
Peru,PER,Ucayali,03/05/2020,913,38,,,95,818,,
Peru,PER,,03/05/2020,45928,1286,13550,329168,16730,29198,,
Peru,PER,Amazonas,04/05/2020,164,,,,,,,
Peru,PER,Ancash,04/05/2020,1014,,,,,,,
Peru,PER,Apurimac,04/05/2020,100,,,,,,,
Peru,PER,Arequipa,04/05/2020,692,,,,,,,
Peru,PER,Ayacucho,04/05/2020,143,,,,,,,
Peru,PER,Cajamarca,04/05/2020,268,,,,,,,
Peru,PER,Callao,04/05/2020,3979,,,,,,,
Peru,PER,Cusco,04/05/2020,234,,,,,,,
Peru,PER,Huancavelica,04/05/2020,199,,,,,,,
Peru,PER,Huanuco,04/05/2020,248,,,,,,,
Peru,PER,Ica,04/05/2020,688,,,,,,,
Peru,PER,Junin,04/05/2020,524,,,,,,,
Peru,PER,La Libertad,04/05/2020,965,,,,,,,
Peru,PER,Lambayeque,04/05/2020,2763,,,,,,,
Peru,PER,Lima,04/05/2020,29842,,,,,,,
Peru,PER,Loreto,04/05/2020,1502,,,,,,,
Peru,PER,Madre de Dios,04/05/2020,121,,,,,,,
Peru,PER,Moquegua,04/05/2020,133,,,,,,,
Peru,PER,Pasco,04/05/2020,162,,,,,,,
Peru,PER,Piura,04/05/2020,1752,,,,,,,
Peru,PER,Puno,04/05/2020,142,,,,,,,
Peru,PER,San Martin,04/05/2020,296,,,,,,,
Peru,PER,Tacna,04/05/2020,141,,,,,,,
Peru,PER,Tumbes,04/05/2020,347,,,,,,,
Peru,PER,Ucayali,04/05/2020,953,,,,,,,
Peru,PER,,04/05/2020,47372,1344,14427,338120,,,,
Peru,PER,Amazonas,05/05/2020,170,4,,,23,147,,
Peru,PER,Ancash,05/05/2020,1159,85,,,258,901,,
Peru,PER,Apurimac,05/05/2020,111,,,,10,101,,
Peru,PER,Arequipa,05/05/2020,763,18,,,235,528,,
Peru,PER,Ayacucho,05/05/2020,181,,,,63,118,,
Peru,PER,Cajamarca,05/05/2020,322,3,,,76,246,,
Peru,PER,Callao,05/05/2020,4245,77,,,1155,3090,,
Peru,PER,Cusco,05/05/2020,249,3,,,82,167,,
Peru,PER,Huancavelica,05/05/2020,203,1,,,30,173,,
Peru,PER,Huanuco,05/05/2020,255,2,,,15,240,,
Peru,PER,Ica,05/05/2020,698,41,,,256,442,,
Peru,PER,Junin,05/05/2020,587,7,,,188,399,,
Peru,PER,La Libertad,05/05/2020,1062,46,,,245,817,,
Peru,PER,Lambayeque,05/05/2020,3008,299,,,896,2112,,
Peru,PER,Lima,05/05/2020,32339,584,,,12294,20045,,
Peru,PER,Loreto,05/05/2020,1595,62,,,1244,351,,
Peru,PER,Madre de Dios,05/05/2020,124,1,,,17,107,,
Peru,PER,Moquegua,05/05/2020,142,,,,7,135,,
Peru,PER,Pasco,05/05/2020,166,1,,,27,139,,
Peru,PER,Piura,05/05/2020,1804,149,,,259,1545,,
Peru,PER,Puno,05/05/2020,144,1,,,13,131,,
Peru,PER,San Martin,05/05/2020,303,1,,,102,201,,
Peru,PER,Tacna,05/05/2020,149,2,,,19,130,,
Peru,PER,Tumbes,05/05/2020,378,19,,,75,303,,
Peru,PER,Ucayali,05/05/2020,1032,38,,,125,907,,
Peru,PER,,05/05/2020,51189,1444,15413,355390,17714,33475,,
Peru,PER,Amazonas,06/05/2020,176,5,,,23,153,,
Peru,PER,Ancash,06/05/2020,1256,85,,,266,990,,
Peru,PER,Apurimac,06/05/2020,84,,,,10,74,,
Peru,PER,Arequipa,06/05/2020,790,20,,,248,542,,
Peru,PER,Ayacucho,06/05/2020,176,,,,71,105,,
Peru,PER,Cajamarca,06/05/2020,301,3,,,83,218,,
Peru,PER,Callao,06/05/2020,4404,82,,,1237,3167,,
Peru,PER,Cusco,06/05/2020,258,3,,,83,175,,
Peru,PER,Huancavelica,06/05/2020,181,1,,,30,151,,
Peru,PER,Huanuco,06/05/2020,259,7,,,15,244,,
Peru,PER,Ica,06/05/2020,708,41,,,265,443,,
Peru,PER,Junin,06/05/2020,632,14,,,188,444,,
Peru,PER,La Libertad,06/05/2020,1119,46,,,269,850,,
Peru,PER,Lambayeque,06/05/2020,3127,299,,,897,2230,,
Peru,PER,Lima,06/05/2020,35299,613,,,12935,22364,,
Peru,PER,Loreto,06/05/2020,1559,67,,,1211,348,,
Peru,PER,Madre de Dios,06/05/2020,129,1,,,19,110,,
Peru,PER,Moquegua,06/05/2020,149,,,,7,142,,
Peru,PER,Pasco,06/05/2020,151,1,,,27,124,,
Peru,PER,Piura,06/05/2020,1914,184,,,271,1643,,
Peru,PER,Puno,06/05/2020,149,1,,,13,136,,
Peru,PER,San Martin,06/05/2020,317,1,,,115,202,,
Peru,PER,Tacna,06/05/2020,160,2,,,19,141,,
Peru,PER,Tumbes,06/05/2020,443,19,,,75,368,,
Peru,PER,Ucayali,06/05/2020,1076,38,,,127,949,,
Peru,PER,,06/05/2020,54817,1533,17527,374641,18504,36313,,
